{"cameraMode":{"drawMode":0,"name":"Shaded","section":"Shading Mode"},"sceneLighting":true,"audioPlay":false,"sceneViewState":{"m_AlwaysRefresh":false,"showFog":true,"showSkybox":true,"showFlares":true,"showImageEffects":true,"showParticleSystems":true,"showVisualEffectGraphs":true,"m_FxEnabled":true},"in2DMode":false,"pivot":{"x":0.8896408677101135,"y":0.49999988079071047,"z":-11.514793395996094},"rotation":{"x":0.04530045762658119,"y":0.0010977607453241945,"z":0.00008298731700051576,"w":0.9991133213043213},"size":2.15606689453125,"orthographic":false}