{"cameraMode":{"drawMode":0,"name":"Shaded","section":"Shading Mode"},"sceneLighting":false,"audioPlay":false,"sceneViewState":{"m_AlwaysRefresh":false,"showFog":true,"showSkybox":false,"showFlares":true,"showImageEffects":true,"showParticleSystems":true,"showVisualEffectGraphs":true,"m_FxEnabled":true},"in2DMode":false,"pivot":{"x":0.0005357414484024048,"y":4.148961067199707,"z":7.919998645782471},"rotation":{"x":-0.020632170140743257,"y":-0.08280908316373825,"z":-0.0015784383285790682,"w":0.9964920878410339},"size":0.0721001848578453,"orthographic":false}